Grade,Selection_Date,Match_Date,Sport,League,Home_Team,Away_Team,Market,Selection,Orginator_Price,Current_Price,Min_Price,Pinnacle,Betrivers,FanDuel,Draftkings,Caesars,BetMGM,Betonline,BetUS,Hard_Rock,ESPN_BET,Fanatics,Bet365,Bovada,MyBookie,Betano,(___),updated_at,game_id,Selection_ID,Identifier,Parent_ID,Active_Selection,Notes,Colour_coding
A,2002-06-25,2002-08-25,Scotland,League 2,Forfar Athletic,Edinburgh City,1x2,Edinburgh City,4.45,4.45,345,345,,,,,,,,,,,,,,,,,,ScotlandLeague 2Forfar AthleticEdinburgh City,2025-02-08Forfar AthleticEdinburgh City1x2Edinburgh City,League 2Forfar AthleticEdinburgh City,,,1
A,2002-06-25,2002-08-25,Scotland,League 2,Forfar Athletic,Edinburgh City,DNB,Edinburgh City,3.3,3.3,230,234,,,,,,,,,,,,,,,,,,ScotlandLeague 2Forfar AthleticEdinburgh City,2025-02-08Forfar AthleticEdinburgh CityDNBEdinburgh City,League 2Forfar AthleticEdinburgh City,,,1
A,2002-06-25,2002-08-25,Scotland,League 2,Forfar Athletic,Edinburgh City,DC,Edinburgh City,2.05,2.05,105,108,,,,,,,,,,,,,,,,,,ScotlandLeague 2Forfar AthleticEdinburgh City,2025-02-08Forfar AthleticEdinburgh CityDCEdinburgh City,League 2Forfar AthleticEdinburgh City,,,1
A,2002-06-25,2002-08-25,Scotland,League 2,Forfar Athletic,Edinburgh City,1H DNB,Edinburgh City,,3,200,200,,,,,,,,,,,,,,,,,,ScotlandLeague 2Forfar AthleticEdinburgh City,2025-02-08Forfar AthleticEdinburgh City1H DNBEdinburgh City,League 2Forfar AthleticEdinburgh City,,,1
A,2002-06-25,2002-08-25,Scotland,League 2,Forfar Athletic,Edinburgh City,1H DC,Edinburgh City,,1.6,-167,-166,,,,,,,,,,,,,,,,,,ScotlandLeague 2Forfar AthleticEdinburgh City,2025-02-08Forfar AthleticEdinburgh City1H DCEdinburgh City,League 2Forfar AthleticEdinburgh City,,,1
Israel,2002-06-25,2002-07-25,Soccer,Australia - Victoria NPL,Preston Lions FC,Hume City,Asian Handicap,Hume City +0.25,,1.74,-135,,,,,,,,,,,,,,,,300,,2025020724FC807C,SoccerAustralia - Victoria NPLPreston Lions FCHume City,2025-02-07Preston Lions FCHume CityAsian HandicapHume City +0.25,Australia - Victoria NPLPreston Lions FCHume City,,,0
Israel,2002-06-25,2002-07-25,Soccer,Australia - Victoria NPL,Preston Lions FC,Hume City,Double Chance,Hume City Or Draw,,,,,,,,,,,,,,,,,,,,,2025020724FC807C,SoccerAustralia - Victoria NPLPreston Lions FCHume City,2025-02-07Preston Lions FCHume CityDouble ChanceHume City Or Draw,Australia - Victoria NPLPreston Lions FCHume City,,,0
Israel,2002-06-25,2002-07-25,Soccer,Australia - Victoria NPL,Preston Lions FC,Hume City,Asian Handicap,Hume City +0.5,,,,,,,,,,,,,,,,,,,,,2025020724FC807C,SoccerAustralia - Victoria NPLPreston Lions FCHume City,2025-02-07Preston Lions FCHume CityAsian HandicapHume City +0.5,Australia - Victoria NPLPreston Lions FCHume City,,,0
Israel,2002-06-25,2002-07-25,Soccer,Australia - Victoria NPL,Preston Lions FC,Hume City,Goal Spread,Hume City +0.5,,,,,,,,,,,,,,,,,,,300,,2025020724FC807C,SoccerAustralia - Victoria NPLPreston Lions FCHume City,2025-02-07Preston Lions FCHume CityGoal SpreadHume City +0.5,Australia - Victoria NPLPreston Lions FCHume City,,,0
Israel,2002-06-25,2002-07-25,Soccer,Australia - Victoria NPL,Preston Lions FC,Hume City,Draw No Bet,Hume City,,,,,,,,,,,,,,,,,,,,,2025020724FC807C,SoccerAustralia - Victoria NPLPreston Lions FCHume City,2025-02-07Preston Lions FCHume CityDraw No BetHume City,Australia - Victoria NPLPreston Lions FCHume City,,,0
Israel,2002-06-25,2002-07-25,Soccer,Australia - Victoria NPL,Preston Lions FC,Hume City,Asian Handicap,Hume City +0,,,,,,,,,,,,,,,,,,,,,2025020724FC807C,SoccerAustralia - Victoria NPLPreston Lions FCHume City,2025-02-07Preston Lions FCHume CityAsian HandicapHume City +0,Australia - Victoria NPLPreston Lions FCHume City,,,0
Israel,2002-06-25,2002-07-25,Soccer,Australia - Victoria NPL,Preston Lions FC,Hume City,Goal Spread,Hume City +0,,,,,,,,,,,,,,,,,,,300,,2025020724FC807C,SoccerAustralia - Victoria NPLPreston Lions FCHume City,2025-02-07Preston Lions FCHume CityGoal SpreadHume City +0,Australia - Victoria NPLPreston Lions FCHume City,,,0
Israel,2002-06-25,2002-07-25,Soccer,Australia - Victoria NPL,Preston Lions FC,Hume City,Moneyline,Hume City,,,,,,,,,,,,,,,,,,,300,,2025020724FC807C,SoccerAustralia - Victoria NPLPreston Lions FCHume City,2025-02-07Preston Lions FCHume CityMoneylineHume City,Australia - Victoria NPLPreston Lions FCHume City,,,0
Israel,2002-06-25,2002-07-25,Soccer,Australia - Victoria NPL,Preston Lions FC,Hume City,Asian Handicap,Hume City -0.5,,,,,,,,,,,,,,,,,,,,,2025020724FC807C,SoccerAustralia - Victoria NPLPreston Lions FCHume City,2025-02-07Preston Lions FCHume CityAsian HandicapHume City -0.5,Australia - Victoria NPLPreston Lions FCHume City,,,0
Israel,2002-06-25,2002-07-25,Soccer,Australia - Victoria NPL,Preston Lions FC,Hume City,Goal Spread,Hume City -0.5,,,,,,,,,,,,,,,,,,,300,,2025020724FC807C,SoccerAustralia - Victoria NPLPreston Lions FCHume City,2025-02-07Preston Lions FCHume CityGoal SpreadHume City -0.5,Australia - Victoria NPLPreston Lions FCHume City,,,0
Israel,2002-06-25,2002-07-25,Soccer,Australia - Victoria NPL,Preston Lions FC,Hume City,1st Half Moneyline,Hume City,,,,,,,,,,,,,,,,,,,100,,2025020724FC807C,SoccerAustralia - Victoria NPLPreston Lions FCHume City,2025-02-07Preston Lions FCHume City1st Half MoneylineHume City,Australia - Victoria NPLPreston Lions FCHume City,,,0
Israel,2002-06-25,2002-07-25,Soccer,Australia - Victoria NPL,Preston Lions FC,Hume City,1st Half Asian Handicap,Hume City -0.5,,,,,,,,,,,,,,,,,,,,,2025020724FC807C,SoccerAustralia - Victoria NPLPreston Lions FCHume City,2025-02-07Preston Lions FCHume City1st Half Asian HandicapHume City -0.5,Australia - Victoria NPLPreston Lions FCHume City,,,0
Israel,2002-06-25,2002-07-25,Soccer,Australia - Victoria NPL,Preston Lions FC,Hume City,1st Half Goal Spread,Hume City -0.5,,,,,,,,,,,,,,,,,,,100,,2025020724FC807C,SoccerAustralia - Victoria NPLPreston Lions FCHume City,2025-02-07Preston Lions FCHume City1st Half Goal SpreadHume City -0.5,Australia - Victoria NPLPreston Lions FCHume City,,,0
Israel,2002-06-25,2002-07-25,Soccer,Australia - Victoria NPL,Preston Lions FC,Hume City,1st Half Asian Handicap,Hume City +0,,,,,,,,,,,,,,,,,,,,,2025020724FC807C,SoccerAustralia - Victoria NPLPreston Lions FCHume City,2025-02-07Preston Lions FCHume City1st Half Asian HandicapHume City +0,Australia - Victoria NPLPreston Lions FCHume City,,,0
Israel,2002-06-25,2002-07-25,Soccer,Australia - Victoria NPL,Preston Lions FC,Hume City,1st Half Goal Spread,Hume City +0,,,,,,,,,,,,,,,,,,,100,,2025020724FC807C,SoccerAustralia - Victoria NPLPreston Lions FCHume City,2025-02-07Preston Lions FCHume City1st Half Goal SpreadHume City +0,Australia - Victoria NPLPreston Lions FCHume City,,,0
Israel,2002-06-25,2002-07-25,Soccer,Australia - Victoria NPL,Preston Lions FC,Hume City,1st Half Asian Handicap,Hume City +0.25,,,,,,,,,,,,,,,,,,,100,,2025020724FC807C,SoccerAustralia - Victoria NPLPreston Lions FCHume City,2025-02-07Preston Lions FCHume City1st Half Asian HandicapHume City +0.25,Australia - Victoria NPLPreston Lions FCHume City,,,0
Israel,2002-06-25,2002-07-25,Soccer,Australia - Victoria NPL,Preston Lions FC,Hume City,1st Half Goal Spread,Hume City +0.25,,,,,,,,,,,,,,,,,,,,,2025020724FC807C,SoccerAustralia - Victoria NPLPreston Lions FCHume City,2025-02-07Preston Lions FCHume City1st Half Goal SpreadHume City +0.25,Australia - Victoria NPLPreston Lions FCHume City,,,0
Rago,2002-04-25,2002-09-25,Soccer,Azerbaijan - Premier League,Sabah FK,Turan Tovuz,Moneyline,Sabah FK,,2.3,130,,,120,,,,,,,,,,,,,100,,202502078B80E8B8,SoccerAzerbaijan - Premier LeagueSabah FKTuran Tovuz,2025-02-09Sabah FKTuran TovuzMoneylineSabah FK,Azerbaijan - Premier LeagueSabah FKTuran Tovuz,,,1
Rago,2002-04-25,2002-09-25,Soccer,Azerbaijan - Premier League,Sabah FK,Turan Tovuz,Goal Spread,Sabah FK -0.5,,2.3,130,,,,,,,,,,,,,,,,100,,202502078B80E8B8,SoccerAzerbaijan - Premier LeagueSabah FKTuran Tovuz,2025-02-09Sabah FKTuran TovuzGoal SpreadSabah FK -0.5,Azerbaijan - Premier LeagueSabah FKTuran Tovuz,,,1
Rago,2002-04-25,2002-09-25,Soccer,Azerbaijan - Premier League,Sabah FK,Turan Tovuz,Asian Handicap,Sabah FK -0.5,,2.3,130,,,,,,,,,,,,,,,,,,202502078B80E8B8,SoccerAzerbaijan - Premier LeagueSabah FKTuran Tovuz,2025-02-09Sabah FKTuran TovuzAsian HandicapSabah FK -0.5,Azerbaijan - Premier LeagueSabah FKTuran Tovuz,,,1
Rago,2002-04-25,2002-09-25,Soccer,Azerbaijan - Premier League,Sabah FK,Turan Tovuz,Draw No Bet,Sabah FK,,1.7,-143,,,,,,,,,,,,,,,,,,202502078B80E8B8,SoccerAzerbaijan - Premier LeagueSabah FKTuran Tovuz,2025-02-09Sabah FKTuran TovuzDraw No BetSabah FK,Azerbaijan - Premier LeagueSabah FKTuran Tovuz,,,1
Rago,2002-04-25,2002-09-25,Soccer,Azerbaijan - Premier League,Sabah FK,Turan Tovuz,Goal Spread,Sabah FK +0,,1.7,-143,,,,,,,,,,,,,,,,100,,202502078B80E8B8,SoccerAzerbaijan - Premier LeagueSabah FKTuran Tovuz,2025-02-09Sabah FKTuran TovuzGoal SpreadSabah FK +0,Azerbaijan - Premier LeagueSabah FKTuran Tovuz,,,1
Rago,2002-04-25,2002-09-25,Soccer,Azerbaijan - Premier League,Sabah FK,Turan Tovuz,Asian Handicap,Sabah FK +0,,1.7,-143,,,,,,,,,,,,,,,,,,202502078B80E8B8,SoccerAzerbaijan - Premier LeagueSabah FKTuran Tovuz,2025-02-09Sabah FKTuran TovuzAsian HandicapSabah FK +0,Azerbaijan - Premier LeagueSabah FKTuran Tovuz,,,1
Rago,2002-04-25,2002-09-25,Soccer,Azerbaijan - Premier League,Sabah FK,Turan Tovuz,1st Half Moneyline,Sabah FK,,2.95,195,,,,,,,,,,,,,,,,,,202502078B80E8B8,SoccerAzerbaijan - Premier LeagueSabah FKTuran Tovuz,2025-02-09Sabah FKTuran Tovuz1st Half MoneylineSabah FK,Azerbaijan - Premier LeagueSabah FKTuran Tovuz,,,1
Rago,2002-04-25,2002-09-25,Soccer,Azerbaijan - Premier League,Sabah FK,Turan Tovuz,1st Half Goal Spread,Sabah FK -0.5,,,,,,,,,,,,,,,,,,,100,,202502078B80E8B8,SoccerAzerbaijan - Premier LeagueSabah FKTuran Tovuz,2025-02-09Sabah FKTuran Tovuz1st Half Goal SpreadSabah FK -0.5,Azerbaijan - Premier LeagueSabah FKTuran Tovuz,,,1
Rago,2002-04-25,2002-09-25,Soccer,Azerbaijan - Premier League,Sabah FK,Turan Tovuz,1st Half Asian Handicap,Sabah FK -0.5,,,,,,,,,,,,,,,,,,,,,202502078B80E8B8,SoccerAzerbaijan - Premier LeagueSabah FKTuran Tovuz,2025-02-09Sabah FKTuran Tovuz1st Half Asian HandicapSabah FK -0.5,Azerbaijan - Premier LeagueSabah FKTuran Tovuz,,,1
Israel,2002-06-25,2002-07-25,Soccer,Slovenia - PrvaLiga,NK Nafta Lendava 1903,Kalcer Radomlje,Total Goals,Under 2.25,,1.84,-119,,,,,,,,,,,,,,,,,,202502086D583121,SoccerSlovenia - PrvaLigaNK Nafta Lendava 1903Kalcer Radomlje,2025-02-07NK Nafta Lendava 1903Kalcer RadomljeTotal GoalsUnder 2.25,Slovenia - PrvaLigaNK Nafta Lendava 1903Kalcer Radomlje,,,0
Israel,2002-06-25,2002-07-25,Soccer,Slovenia - PrvaLiga,NK Nafta Lendava 1903,Kalcer Radomlje,Asian Total Goals,Under 2.25,,1.84,-119,,,,,,,,,,,,,,,,,,202502086D583121,SoccerSlovenia - PrvaLigaNK Nafta Lendava 1903Kalcer Radomlje,2025-02-07NK Nafta Lendava 1903Kalcer RadomljeAsian Total GoalsUnder 2.25,Slovenia - PrvaLigaNK Nafta Lendava 1903Kalcer Radomlje,,,0
Israel,2002-06-25,2002-07-25,Soccer,Slovenia - PrvaLiga,NK Nafta Lendava 1903,Kalcer Radomlje,Total Goals,none available,,,,,,,,,,,,,,,,,,,,,202502086D583121,SoccerSlovenia - PrvaLigaNK Nafta Lendava 1903Kalcer Radomlje,2025-02-07NK Nafta Lendava 1903Kalcer RadomljeTotal Goalsnone available,Slovenia - PrvaLigaNK Nafta Lendava 1903Kalcer Radomlje,,,0
Israel,2002-06-25,2002-07-25,Soccer,Slovenia - PrvaLiga,NK Nafta Lendava 1903,Kalcer Radomlje,Asian Total Goals,Under 2.5,,,,,,,,,,,,,,,,,,,,,202502086D583121,SoccerSlovenia - PrvaLigaNK Nafta Lendava 1903Kalcer Radomlje,2025-02-07NK Nafta Lendava 1903Kalcer RadomljeAsian Total GoalsUnder 2.5,Slovenia - PrvaLigaNK Nafta Lendava 1903Kalcer Radomlje,,,0
Israel,2002-06-25,2002-07-25,Soccer,Slovenia - PrvaLiga,NK Nafta Lendava 1903,Kalcer Radomlje,Total Goals,none available,,,,,,,,,,,,,,,,,,,,,202502086D583121,SoccerSlovenia - PrvaLigaNK Nafta Lendava 1903Kalcer Radomlje,2025-02-07NK Nafta Lendava 1903Kalcer RadomljeTotal Goalsnone available,Slovenia - PrvaLigaNK Nafta Lendava 1903Kalcer Radomlje,,,0
Israel,2002-06-25,2002-07-25,Soccer,Slovenia - PrvaLiga,NK Nafta Lendava 1903,Kalcer Radomlje,Asian Total Goals,Under 1.5,,,,,,,,,,,,,,,,,,,,,202502086D583121,SoccerSlovenia - PrvaLigaNK Nafta Lendava 1903Kalcer Radomlje,2025-02-07NK Nafta Lendava 1903Kalcer RadomljeAsian Total GoalsUnder 1.5,Slovenia - PrvaLigaNK Nafta Lendava 1903Kalcer Radomlje,,,0
Israel,2002-06-25,2002-07-25,Soccer,Slovenia - PrvaLiga,NK Nafta Lendava 1903,Kalcer Radomlje,,,,,,,,,,,,,,,,,,,,,,,202502086D583121,SoccerSlovenia - PrvaLigaNK Nafta Lendava 1903Kalcer Radomlje,2025-02-07NK Nafta Lendava 1903Kalcer Radomlje,Slovenia - PrvaLigaNK Nafta Lendava 1903Kalcer Radomlje,,,0
Israel,2002-06-25,2002-07-25,Soccer,Slovenia - PrvaLiga,NK Nafta Lendava 1903,Kalcer Radomlje,,,,,,,,,,,,,,,,,,,,,,,202502086D583121,SoccerSlovenia - PrvaLigaNK Nafta Lendava 1903Kalcer Radomlje,2025-02-07NK Nafta Lendava 1903Kalcer Radomlje,Slovenia - PrvaLigaNK Nafta Lendava 1903Kalcer Radomlje,,,0
Israel,2002-06-25,2002-07-25,Soccer,Slovenia - PrvaLiga,NK Nafta Lendava 1903,Kalcer Radomlje,,,,,,,,,,,,,,,,,,,,,,,202502086D583121,SoccerSlovenia - PrvaLigaNK Nafta Lendava 1903Kalcer Radomlje,2025-02-07NK Nafta Lendava 1903Kalcer Radomlje,Slovenia - PrvaLigaNK Nafta Lendava 1903Kalcer Radomlje,,,0
Israel,2002-06-25,2002-07-25,Soccer,Slovenia - PrvaLiga,NK Nafta Lendava 1903,Kalcer Radomlje,,,,,,,,,,,,,,,,,,,,,,,202502086D583121,SoccerSlovenia - PrvaLigaNK Nafta Lendava 1903Kalcer Radomlje,2025-02-07NK Nafta Lendava 1903Kalcer Radomlje,Slovenia - PrvaLigaNK Nafta Lendava 1903Kalcer Radomlje,,,0
,,2002-08-25,Soccer,Israel - Premier League,Maccabi Netanya FC,Hapoel Jerusalem FC,Moneyline,Maccabi Netanya FC,1.95,1.94,-106,,,-105,,,,,,,-105,,,,,,300,,20250208FC8C9C9A,SoccerIsrael - Premier LeagueMaccabi Netanya FCHapoel Jerusalem FC,2025-02-08Maccabi Netanya FCHapoel Jerusalem FCMoneylineMaccabi Netanya FC,Israel - Premier LeagueMaccabi Netanya FCHapoel Jerusalem FC,,,1
,,2002-08-25,Soccer,Israel - Premier League,Maccabi Netanya FC,Hapoel Jerusalem FC,Asian Handicap,Maccabi Netanya FC -0.5,1.95,1.94,-106,,,,,,,,,,,,,,,,,,20250208FC8C9C9A,SoccerIsrael - Premier LeagueMaccabi Netanya FCHapoel Jerusalem FC,2025-02-08Maccabi Netanya FCHapoel Jerusalem FCAsian HandicapMaccabi Netanya FC -0.5,Israel - Premier LeagueMaccabi Netanya FCHapoel Jerusalem FC,,,1
,,2002-08-25,Soccer,Israel - Premier League,Maccabi Netanya FC,Hapoel Jerusalem FC,Goal Spread,Maccabi Netanya FC -0.5,1.95,1.94,-106,,,,,,,,,,,,,,,,300,,20250208FC8C9C9A,SoccerIsrael - Premier LeagueMaccabi Netanya FCHapoel Jerusalem FC,2025-02-08Maccabi Netanya FCHapoel Jerusalem FCGoal SpreadMaccabi Netanya FC -0.5,Israel - Premier LeagueMaccabi Netanya FCHapoel Jerusalem FC,,,1
,,2002-08-25,Soccer,Israel - Premier League,Maccabi Netanya FC,Hapoel Jerusalem FC,Draw No Bet,Maccabi Netanya FC,,1.44,-227,,,,,,,,,,-225,,,,,,,,20250208FC8C9C9A,SoccerIsrael - Premier LeagueMaccabi Netanya FCHapoel Jerusalem FC,2025-02-08Maccabi Netanya FCHapoel Jerusalem FCDraw No BetMaccabi Netanya FC,Israel - Premier LeagueMaccabi Netanya FCHapoel Jerusalem FC,,,1
,,2002-08-25,Soccer,Israel - Premier League,Maccabi Netanya FC,Hapoel Jerusalem FC,Asian Handicap,Maccabi Netanya FC +0,,1.44,-227,,,,,,,,,,,,,,,,,,20250208FC8C9C9A,SoccerIsrael - Premier LeagueMaccabi Netanya FCHapoel Jerusalem FC,2025-02-08Maccabi Netanya FCHapoel Jerusalem FCAsian HandicapMaccabi Netanya FC +0,Israel - Premier LeagueMaccabi Netanya FCHapoel Jerusalem FC,,,1
,,2002-08-25,Soccer,Israel - Premier League,Maccabi Netanya FC,Hapoel Jerusalem FC,Goal Spread,Maccabi Netanya FC +0,,1.44,-227,,,,,,,,,,,,,,,,300,,20250208FC8C9C9A,SoccerIsrael - Premier LeagueMaccabi Netanya FCHapoel Jerusalem FC,2025-02-08Maccabi Netanya FCHapoel Jerusalem FCGoal SpreadMaccabi Netanya FC +0,Israel - Premier LeagueMaccabi Netanya FCHapoel Jerusalem FC,,,1
,,2002-08-25,Soccer,Israel - Premier League,Maccabi Netanya FC,Hapoel Jerusalem FC,1st Half Moneyline,Maccabi Netanya FC,,2.6,160,,,155,,,,,,,155,,,,,,100,,20250208FC8C9C9A,SoccerIsrael - Premier LeagueMaccabi Netanya FCHapoel Jerusalem FC,2025-02-08Maccabi Netanya FCHapoel Jerusalem FC1st Half MoneylineMaccabi Netanya FC,Israel - Premier LeagueMaccabi Netanya FCHapoel Jerusalem FC,,,1
,,2002-08-25,Soccer,Israel - Premier League,Maccabi Netanya FC,Hapoel Jerusalem FC,1st Half Asian Handicap,Maccabi Netanya FC -0.5,,2.6,160,,,,,,,,,,,,,,,,,,20250208FC8C9C9A,SoccerIsrael - Premier LeagueMaccabi Netanya FCHapoel Jerusalem FC,2025-02-08Maccabi Netanya FCHapoel Jerusalem FC1st Half Asian HandicapMaccabi Netanya FC -0.5,Israel - Premier LeagueMaccabi Netanya FCHapoel Jerusalem FC,,,1
,,2002-08-25,Soccer,Israel - Premier League,Maccabi Netanya FC,Hapoel Jerusalem FC,1st Half Goal Spread,Maccabi Netanya FC -0.5,,2.6,160,,,,,,,,,,,,,,,,100,,20250208FC8C9C9A,SoccerIsrael - Premier LeagueMaccabi Netanya FCHapoel Jerusalem FC,2025-02-08Maccabi Netanya FCHapoel Jerusalem FC1st Half Goal SpreadMaccabi Netanya FC -0.5,Israel - Premier LeagueMaccabi Netanya FCHapoel Jerusalem FC,,,1
,,2002-08-25,Soccer,Israel - Premier League,Maccabi Netanya FC,Hapoel Jerusalem FC,1st Half Draw No Bet,Maccabi Netanya FC,,1.5,-200,,,,,,,,,,,,,,,,,,20250208FC8C9C9A,SoccerIsrael - Premier LeagueMaccabi Netanya FCHapoel Jerusalem FC,2025-02-08Maccabi Netanya FCHapoel Jerusalem FC1st Half Draw No BetMaccabi Netanya FC,Israel - Premier LeagueMaccabi Netanya FCHapoel Jerusalem FC,,,1
,,2002-08-25,Soccer,Israel - Premier League,Maccabi Netanya FC,Hapoel Jerusalem FC,1st Half Asian Handicap,Maccabi Netanya FC +0,,1.5,-200,,,,,,,,,,,,,,,,,,20250208FC8C9C9A,SoccerIsrael - Premier LeagueMaccabi Netanya FCHapoel Jerusalem FC,2025-02-08Maccabi Netanya FCHapoel Jerusalem FC1st Half Asian HandicapMaccabi Netanya FC +0,Israel - Premier LeagueMaccabi Netanya FCHapoel Jerusalem FC,,,1
,,2002-08-25,Soccer,Israel - Premier League,Maccabi Netanya FC,Hapoel Jerusalem FC,1st Half Goal Spread,Maccabi Netanya FC +0,,1.5,-200,,,,,,,,,,,,,,,,100,,20250208FC8C9C9A,SoccerIsrael - Premier LeagueMaccabi Netanya FCHapoel Jerusalem FC,2025-02-08Maccabi Netanya FCHapoel Jerusalem FC1st Half Goal SpreadMaccabi Netanya FC +0,Israel - Premier LeagueMaccabi Netanya FCHapoel Jerusalem FC,,,1
,,2002-08-25,Soccer,Israel - Premier League,Maccabi Netanya FC,Hapoel Jerusalem FC,1st Half Asian Handicap,Maccabi Netanya FC -0.25,,2,100,,,,,,,,,,,,,,,,100,,20250208FC8C9C9A,SoccerIsrael - Premier LeagueMaccabi Netanya FCHapoel Jerusalem FC,2025-02-08Maccabi Netanya FCHapoel Jerusalem FC1st Half Asian HandicapMaccabi Netanya FC -0.25,Israel - Premier LeagueMaccabi Netanya FCHapoel Jerusalem FC,,,1
,,2002-08-25,Soccer,Israel - Premier League,Maccabi Netanya FC,Hapoel Jerusalem FC,Goal Spread,Maccabi Netanya FC -1.5,,3.7,270,,,,,,,,,,,,,,,,300,,20250208FC8C9C9A,SoccerIsrael - Premier LeagueMaccabi Netanya FCHapoel Jerusalem FC,2025-02-08Maccabi Netanya FCHapoel Jerusalem FCGoal SpreadMaccabi Netanya FC -1.5,Israel - Premier LeagueMaccabi Netanya FCHapoel Jerusalem FC,,,1
A,2002-06-25,2002-09-25,Soccer,Hungary - NB I,Zalaegerszegi TE,Diósgyőri VTK,Double Chance,Diósgyőri VTK Or Draw,1.65,1.65,-154,,,,,,,,,,,,,,,,,,20250209E105D6C4,SoccerHungary - NB IZalaegerszegi TEDiósgyőri VTK,2025-02-09Zalaegerszegi TEDiósgyőri VTKDouble ChanceDiósgyőri VTK Or Draw,Hungary - NB IZalaegerszegi TEDiósgyőri VTK,,,0
A,2002-06-25,2002-09-25,Soccer,Hungary - NB I,Zalaegerszegi TE,Diósgyőri VTK,Asian Handicap,Diósgyőri VTK +0.5,1.65,1.65,-154,,,,,,,,,,,,,,,,,,20250209E105D6C4,SoccerHungary - NB IZalaegerszegi TEDiósgyőri VTK,2025-02-09Zalaegerszegi TEDiósgyőri VTKAsian HandicapDiósgyőri VTK +0.5,Hungary - NB IZalaegerszegi TEDiósgyőri VTK,,,0
A,2002-06-25,2002-09-25,Soccer,Hungary - NB I,Zalaegerszegi TE,Diósgyőri VTK,Goal Spread,Diósgyőri VTK +0.5,1.65,1.65,-154,,,,,,,,,,,,,,,,200,,20250209E105D6C4,SoccerHungary - NB IZalaegerszegi TEDiósgyőri VTK,2025-02-09Zalaegerszegi TEDiósgyőri VTKGoal SpreadDiósgyőri VTK +0.5,Hungary - NB IZalaegerszegi TEDiósgyőri VTK,,,0
A,2002-06-25,2002-09-25,Soccer,Hungary - NB I,Zalaegerszegi TE,Diósgyőri VTK,Asian Handicap,Diósgyőri VTK +0.25,,,,,,,,,,,,,,,,,,,200,,20250209E105D6C4,SoccerHungary - NB IZalaegerszegi TEDiósgyőri VTK,2025-02-09Zalaegerszegi TEDiósgyőri VTKAsian HandicapDiósgyőri VTK +0.25,Hungary - NB IZalaegerszegi TEDiósgyőri VTK,,,0
A,2002-06-25,2002-09-25,Soccer,Hungary - NB I,Zalaegerszegi TE,Diósgyőri VTK,Draw No Bet,Diósgyőri VTK,,,,,,,,,,,,,,,,,,,,,20250209E105D6C4,SoccerHungary - NB IZalaegerszegi TEDiósgyőri VTK,2025-02-09Zalaegerszegi TEDiósgyőri VTKDraw No BetDiósgyőri VTK,Hungary - NB IZalaegerszegi TEDiósgyőri VTK,,,0
A,2002-06-25,2002-09-25,Soccer,Hungary - NB I,Zalaegerszegi TE,Diósgyőri VTK,Asian Handicap,Diósgyőri VTK +0,,,,,,,,,,,,,,,,,,,,,20250209E105D6C4,SoccerHungary - NB IZalaegerszegi TEDiósgyőri VTK,2025-02-09Zalaegerszegi TEDiósgyőri VTKAsian HandicapDiósgyőri VTK +0,Hungary - NB IZalaegerszegi TEDiósgyőri VTK,,,0
A,2002-06-25,2002-09-25,Soccer,Hungary - NB I,Zalaegerszegi TE,Diósgyőri VTK,Goal Spread,Diósgyőri VTK +0,,,,,,,,,,,,,,,,,,,200,,20250209E105D6C4,SoccerHungary - NB IZalaegerszegi TEDiósgyőri VTK,2025-02-09Zalaegerszegi TEDiósgyőri VTKGoal SpreadDiósgyőri VTK +0,Hungary - NB IZalaegerszegi TEDiósgyőri VTK,,,0
A,2002-06-25,2002-09-25,Soccer,Hungary - NB I,Zalaegerszegi TE,Diósgyőri VTK,Moneyline,Diósgyőri VTK,,,,,,,,,,,,,,,,,,,200,,20250209E105D6C4,SoccerHungary - NB IZalaegerszegi TEDiósgyőri VTK,2025-02-09Zalaegerszegi TEDiósgyőri VTKMoneylineDiósgyőri VTK,Hungary - NB IZalaegerszegi TEDiósgyőri VTK,,,0
A,2002-06-25,2002-09-25,Soccer,Hungary - NB I,Zalaegerszegi TE,Diósgyőri VTK,Asian Handicap,Diósgyőri VTK -0.5,,,,,,,,,,,,,,,,,,,,,20250209E105D6C4,SoccerHungary - NB IZalaegerszegi TEDiósgyőri VTK,2025-02-09Zalaegerszegi TEDiósgyőri VTKAsian HandicapDiósgyőri VTK -0.5,Hungary - NB IZalaegerszegi TEDiósgyőri VTK,,,0
A,2002-06-25,2002-09-25,Soccer,Hungary - NB I,Zalaegerszegi TE,Diósgyőri VTK,Goal Spread,Diósgyőri VTK -0.5,,,,,,,,,,,,,,,,,,,200,,20250209E105D6C4,SoccerHungary - NB IZalaegerszegi TEDiósgyőri VTK,2025-02-09Zalaegerszegi TEDiósgyőri VTKGoal SpreadDiósgyőri VTK -0.5,Hungary - NB IZalaegerszegi TEDiósgyőri VTK,,,0
A,2002-06-25,2002-09-25,Soccer,Hungary - NB I,Zalaegerszegi TE,Diósgyőri VTK,1st Half Moneyline,Diósgyőri VTK,,,,,,,,,,,,,,,,,,,100,,20250209E105D6C4,SoccerHungary - NB IZalaegerszegi TEDiósgyőri VTK,2025-02-09Zalaegerszegi TEDiósgyőri VTK1st Half MoneylineDiósgyőri VTK,Hungary - NB IZalaegerszegi TEDiósgyőri VTK,,,0
A,2002-06-25,2002-09-25,Soccer,Hungary - NB I,Zalaegerszegi TE,Diósgyőri VTK,1st Half Asian Handicap,Diósgyőri VTK -0.5,,,,,,,,,,,,,,,,,,,,,20250209E105D6C4,SoccerHungary - NB IZalaegerszegi TEDiósgyőri VTK,2025-02-09Zalaegerszegi TEDiósgyőri VTK1st Half Asian HandicapDiósgyőri VTK -0.5,Hungary - NB IZalaegerszegi TEDiósgyőri VTK,,,0
A,2002-06-25,2002-09-25,Soccer,Hungary - NB I,Zalaegerszegi TE,Diósgyőri VTK,1st Half Goal Spread,Diósgyőri VTK -0.5,,,,,,,,,,,,,,,,,,,100,,20250209E105D6C4,SoccerHungary - NB IZalaegerszegi TEDiósgyőri VTK,2025-02-09Zalaegerszegi TEDiósgyőri VTK1st Half Goal SpreadDiósgyőri VTK -0.5,Hungary - NB IZalaegerszegi TEDiósgyőri VTK,,,0
A,2002-06-25,2002-09-25,Soccer,Hungary - NB I,Zalaegerszegi TE,Diósgyőri VTK,1st Half Asian Handicap,Diósgyőri VTK +0,,,,,,,,,,,,,,,,,,,,,20250209E105D6C4,SoccerHungary - NB IZalaegerszegi TEDiósgyőri VTK,2025-02-09Zalaegerszegi TEDiósgyőri VTK1st Half Asian HandicapDiósgyőri VTK +0,Hungary - NB IZalaegerszegi TEDiósgyőri VTK,,,0
A,2002-06-25,2002-09-25,Soccer,Hungary - NB I,Zalaegerszegi TE,Diósgyőri VTK,1st Half Goal Spread,Diósgyőri VTK +0,,,,,,,,,,,,,,,,,,,100,,20250209E105D6C4,SoccerHungary - NB IZalaegerszegi TEDiósgyőri VTK,2025-02-09Zalaegerszegi TEDiósgyőri VTK1st Half Goal SpreadDiósgyőri VTK +0,Hungary - NB IZalaegerszegi TEDiósgyőri VTK,,,0
A,2002-06-25,2002-09-25,Soccer,Hungary - NB I,Zalaegerszegi TE,Diósgyőri VTK,1st Half Asian Handicap,Diósgyőri VTK +0.25,,,,,,,,,,,,,,,,,,,100,,20250209E105D6C4,SoccerHungary - NB IZalaegerszegi TEDiósgyőri VTK,2025-02-09Zalaegerszegi TEDiósgyőri VTK1st Half Asian HandicapDiósgyőri VTK +0.25,Hungary - NB IZalaegerszegi TEDiósgyőri VTK,,,0
A,2002-06-25,2002-09-25,Soccer,Hungary - NB I,Zalaegerszegi TE,Diósgyőri VTK,1st Half Goal Spread,Diósgyőri VTK +0.25,,,,,,,,,,,,,,,,,,,,,20250209E105D6C4,SoccerHungary - NB IZalaegerszegi TEDiósgyőri VTK,2025-02-09Zalaegerszegi TEDiósgyőri VTK1st Half Goal SpreadDiósgyőri VTK +0.25,Hungary - NB IZalaegerszegi TEDiósgyőri VTK,,,0
EmatIQ,2002-06-25,2002-06-25,Tennis,ATP,Frances Tiafoe,Yoshihito Nishioka,Moneyline,Yoshihito Nishioka,,2.6,160,,,,,,,,,,,,,,,,2400,,atp:76D6DEEA0814,TennisATPFrances TiafoeYoshihito Nishioka,2025-02-06Frances TiafoeYoshihito NishiokaMoneylineYoshihito Nishioka,ATPFrances TiafoeYoshihito Nishioka,,,1
EmatIQ,2002-06-25,2002-06-25,Tennis,ATP,Frances Tiafoe,Yoshihito Nishioka,1st Set Moneyline,Yoshihito Nishioka,,2.35,135,,,,,,,,,,,,,,,,1800,,atp:76D6DEEA0814,TennisATPFrances TiafoeYoshihito Nishioka,2025-02-06Frances TiafoeYoshihito Nishioka1st Set MoneylineYoshihito Nishioka,ATPFrances TiafoeYoshihito Nishioka,,,1
EmatIQ,2002-06-25,2002-06-25,Tennis,ATP,Frances Tiafoe,Yoshihito Nishioka,Set Handicap,Yoshihito Nishioka +1.5,,1.6,-167,,,,,,,,,,,,,,,,1800,,atp:76D6DEEA0814,TennisATPFrances TiafoeYoshihito Nishioka,2025-02-06Frances TiafoeYoshihito NishiokaSet HandicapYoshihito Nishioka +1.5,ATPFrances TiafoeYoshihito Nishioka,,,1
EmatIQ,2002-06-25,2002-06-25,Tennis,ATP,Frances Tiafoe,Yoshihito Nishioka,Game Spread,Yoshihito Nishioka +3,,1.78,-128,,,,,,,,,,,,,,,,2400,,atp:76D6DEEA0814,TennisATPFrances TiafoeYoshihito Nishioka,2025-02-06Frances TiafoeYoshihito NishiokaGame SpreadYoshihito Nishioka +3,ATPFrances TiafoeYoshihito Nishioka,,,1
A,2002-03-25,2/15/25,Soccer,Australia - A-League,Melbourne City FC,Perth Glory FC,Total Goals,Over 2.5,1.62,1.62,-161,,,,,,,,,,,,,,,,,,australia_-_a-league:63C95870DBD9,SoccerAustralia - A-LeagueMelbourne City FCPerth Glory FC,2025-02-15Melbourne City FCPerth Glory FCTotal GoalsOver 2.5,Australia - A-LeagueMelbourne City FCPerth Glory FC,,,0
A,2002-03-25,2/15/25,Soccer,Australia - A-League,Melbourne City FC,Perth Glory FC,Asian Total Goals,Over 2.5,1.62,1.62,-161,,,,,,,,,,,,,,,,,,australia_-_a-league:63C95870DBD9,SoccerAustralia - A-LeagueMelbourne City FCPerth Glory FC,2025-02-15Melbourne City FCPerth Glory FCAsian Total GoalsOver 2.5,Australia - A-LeagueMelbourne City FCPerth Glory FC,,,0
A,2002-03-25,2/15/25,Soccer,Australia - A-League,Melbourne City FC,Perth Glory FC,Total Goals,Over 3.5,,2.47,147,,,,,,,,,,,,,,,,,,australia_-_a-league:63C95870DBD9,SoccerAustralia - A-LeagueMelbourne City FCPerth Glory FC,2025-02-15Melbourne City FCPerth Glory FCTotal GoalsOver 3.5,Australia - A-LeagueMelbourne City FCPerth Glory FC,,,0
A,2002-03-25,2/15/25,Soccer,Australia - A-League,Melbourne City FC,Perth Glory FC,Asian Total Goals,Over 3.5,,2.47,147,,,,,,,,,,,,,,,,,,australia_-_a-league:63C95870DBD9,SoccerAustralia - A-LeagueMelbourne City FCPerth Glory FC,2025-02-15Melbourne City FCPerth Glory FCAsian Total GoalsOver 3.5,Australia - A-LeagueMelbourne City FCPerth Glory FC,,,0
A,2002-03-25,2/15/25,Soccer,Australia - A-League,Melbourne City FC,Perth Glory FC,Total Goals,Over 3,,2.05,105,,,,,,,,,,,,,,,,,,australia_-_a-league:63C95870DBD9,SoccerAustralia - A-LeagueMelbourne City FCPerth Glory FC,2025-02-15Melbourne City FCPerth Glory FCTotal GoalsOver 3,Australia - A-LeagueMelbourne City FCPerth Glory FC,,,0
A,2002-03-25,2/15/25,Soccer,Australia - A-League,Melbourne City FC,Perth Glory FC,Asian Total Goals,Over 3,,2.05,105,,,,,,,,,,,,,,,,,,australia_-_a-league:63C95870DBD9,SoccerAustralia - A-LeagueMelbourne City FCPerth Glory FC,2025-02-15Melbourne City FCPerth Glory FCAsian Total GoalsOver 3,Australia - A-LeagueMelbourne City FCPerth Glory FC,,,0
A,2002-03-25,2/15/25,Soccer,Australia - A-League,Melbourne City FC,Perth Glory FC,Total Goals,Over 2,,,,,,,,,,,,,,,,,,,,,australia_-_a-league:63C95870DBD9,SoccerAustralia - A-LeagueMelbourne City FCPerth Glory FC,2025-02-15Melbourne City FCPerth Glory FCTotal GoalsOver 2,Australia - A-LeagueMelbourne City FCPerth Glory FC,,,0
A,2002-03-25,2/15/25,Soccer,Australia - A-League,Melbourne City FC,Perth Glory FC,Asian Total Goals,Over 2,,,,,,,,,,,,,,,,,,,,,australia_-_a-league:63C95870DBD9,SoccerAustralia - A-LeagueMelbourne City FCPerth Glory FC,2025-02-15Melbourne City FCPerth Glory FCAsian Total GoalsOver 2,Australia - A-LeagueMelbourne City FCPerth Glory FC,,,0
A,2002-03-25,2/15/25,Soccer,Australia - A-League,Melbourne City FC,Perth Glory FC,1st Half Total Goals,Over 0.5,,,,,,,,,,,,,,,,,,,,,australia_-_a-league:63C95870DBD9,SoccerAustralia - A-LeagueMelbourne City FCPerth Glory FC,2025-02-15Melbourne City FCPerth Glory FC1st Half Total GoalsOver 0.5,Australia - A-LeagueMelbourne City FCPerth Glory FC,,,0
A,2002-03-25,2/15/25,Soccer,Australia - A-League,Melbourne City FC,Perth Glory FC,1st Half Asian Total Goals,Over 0.5,,,,,,,,,,,,,,,,,,,,,australia_-_a-league:63C95870DBD9,SoccerAustralia - A-LeagueMelbourne City FCPerth Glory FC,2025-02-15Melbourne City FCPerth Glory FC1st Half Asian Total GoalsOver 0.5,Australia - A-LeagueMelbourne City FCPerth Glory FC,,,0
A,2002-03-25,2/15/25,Soccer,Australia - A-League,Melbourne City FC,Perth Glory FC,1st Half Total Goals,Over 1.5,,2.35,135,,,,,,,,,,,,,,,,,,australia_-_a-league:63C95870DBD9,SoccerAustralia - A-LeagueMelbourne City FCPerth Glory FC,2025-02-15Melbourne City FCPerth Glory FC1st Half Total GoalsOver 1.5,Australia - A-LeagueMelbourne City FCPerth Glory FC,Yes,,0
A,2002-03-25,2/15/25,Soccer,Australia - A-League,Melbourne City FC,Perth Glory FC,1st Half Asian Total Goals,Over 1.5,,2.35,135,,,,,,,,,,,,,,,,,,australia_-_a-league:63C95870DBD9,SoccerAustralia - A-LeagueMelbourne City FCPerth Glory FC,2025-02-15Melbourne City FCPerth Glory FC1st Half Asian Total GoalsOver 1.5,Australia - A-LeagueMelbourne City FCPerth Glory FC,,,0
A,2002-03-25,2002-08-25,Soccer,Belgium - Jupiler Pro League,FC Verbroedering Dender Eendracht Hekelgem,Sint-Truidense VV,Total Goals,Under 2.5,1.91,1.91,-110,,-124,,,-115,,,,,-110,,,,,,225,,belgium_-_jupiler_pro_league:54420C444183,SoccerBelgium - Jupiler Pro LeagueFC Verbroedering Dender Eendracht HekelgemSint-Truidense VV,2025-02-08FC Verbroedering Dender Eendracht HekelgemSint-Truidense VVTotal GoalsUnder 2.5,Belgium - Jupiler Pro LeagueFC Verbroedering Dender Eendracht HekelgemSint-Truidense VV,,,1
A,2002-03-25,2002-08-25,Soccer,Belgium - Jupiler Pro League,FC Verbroedering Dender Eendracht Hekelgem,Sint-Truidense VV,Asian Total Goals,Under 2.5,1.91,1.91,-110,,,,,,,,,,,,,,,,,,belgium_-_jupiler_pro_league:54420C444183,SoccerBelgium - Jupiler Pro LeagueFC Verbroedering Dender Eendracht HekelgemSint-Truidense VV,2025-02-08FC Verbroedering Dender Eendracht HekelgemSint-Truidense VVAsian Total GoalsUnder 2.5,Belgium - Jupiler Pro LeagueFC Verbroedering Dender Eendracht HekelgemSint-Truidense VV,,,1
A,2002-03-25,2002-08-25,Soccer,Belgium - Jupiler Pro League,FC Verbroedering Dender Eendracht Hekelgem,Sint-Truidense VV,Total Goals,Under 1.5,,3.75,275,,,,,,,,,,250,,,,,,225,,belgium_-_jupiler_pro_league:54420C444183,SoccerBelgium - Jupiler Pro LeagueFC Verbroedering Dender Eendracht HekelgemSint-Truidense VV,2025-02-08FC Verbroedering Dender Eendracht HekelgemSint-Truidense VVTotal GoalsUnder 1.5,Belgium - Jupiler Pro LeagueFC Verbroedering Dender Eendracht HekelgemSint-Truidense VV,,,1
A,2002-03-25,2002-08-25,Soccer,Belgium - Jupiler Pro League,FC Verbroedering Dender Eendracht Hekelgem,Sint-Truidense VV,Asian Total Goals,Under 1.5,,3.75,275,,,,,,,,,,,,,,,,,,belgium_-_jupiler_pro_league:54420C444183,SoccerBelgium - Jupiler Pro LeagueFC Verbroedering Dender Eendracht HekelgemSint-Truidense VV,2025-02-08FC Verbroedering Dender Eendracht HekelgemSint-Truidense VVAsian Total GoalsUnder 1.5,Belgium - Jupiler Pro LeagueFC Verbroedering Dender Eendracht HekelgemSint-Truidense VV,,,1
A,2002-03-25,2002-08-25,Soccer,Belgium - Jupiler Pro League,FC Verbroedering Dender Eendracht Hekelgem,Sint-Truidense VV,Total Goals,Under 2,,2.9,190,,,,,,,,,,,,,,,,225,,belgium_-_jupiler_pro_league:54420C444183,SoccerBelgium - Jupiler Pro LeagueFC Verbroedering Dender Eendracht HekelgemSint-Truidense VV,2025-02-08FC Verbroedering Dender Eendracht HekelgemSint-Truidense VVTotal GoalsUnder 2,Belgium - Jupiler Pro LeagueFC Verbroedering Dender Eendracht HekelgemSint-Truidense VV,,,1
A,2002-03-25,2002-08-25,Soccer,Belgium - Jupiler Pro League,FC Verbroedering Dender Eendracht Hekelgem,Sint-Truidense VV,Asian Total Goals,Under 2,,2.9,190,,,,,,,,,,,,,,,,,,belgium_-_jupiler_pro_league:54420C444183,SoccerBelgium - Jupiler Pro LeagueFC Verbroedering Dender Eendracht HekelgemSint-Truidense VV,2025-02-08FC Verbroedering Dender Eendracht HekelgemSint-Truidense VVAsian Total GoalsUnder 2,Belgium - Jupiler Pro LeagueFC Verbroedering Dender Eendracht HekelgemSint-Truidense VV,,,1
A,2002-03-25,2002-08-25,Soccer,Belgium - Jupiler Pro League,FC Verbroedering Dender Eendracht Hekelgem,Sint-Truidense VV,Total Goals,Under 3,,1.54,-185,,,,,,,,,,,,,,,,225,,belgium_-_jupiler_pro_league:54420C444183,SoccerBelgium - Jupiler Pro LeagueFC Verbroedering Dender Eendracht HekelgemSint-Truidense VV,2025-02-08FC Verbroedering Dender Eendracht HekelgemSint-Truidense VVTotal GoalsUnder 3,Belgium - Jupiler Pro LeagueFC Verbroedering Dender Eendracht HekelgemSint-Truidense VV,,,1
A,2002-03-25,2002-08-25,Soccer,Belgium - Jupiler Pro League,FC Verbroedering Dender Eendracht Hekelgem,Sint-Truidense VV,Asian Total Goals,Under 3,,1.54,-185,,,,,,,,,,,,,,,,,,belgium_-_jupiler_pro_league:54420C444183,SoccerBelgium - Jupiler Pro LeagueFC Verbroedering Dender Eendracht HekelgemSint-Truidense VV,2025-02-08FC Verbroedering Dender Eendracht HekelgemSint-Truidense VVAsian Total GoalsUnder 3,Belgium - Jupiler Pro LeagueFC Verbroedering Dender Eendracht HekelgemSint-Truidense VV,,,1
A,2002-03-25,2002-08-25,Soccer,Belgium - Jupiler Pro League,FC Verbroedering Dender Eendracht Hekelgem,Sint-Truidense VV,1st Half Total Goals,Under 0.5,,3.1,210,,,,,,,,,,185,,,,,,150,,belgium_-_jupiler_pro_league:54420C444183,SoccerBelgium - Jupiler Pro LeagueFC Verbroedering Dender Eendracht HekelgemSint-Truidense VV,2025-02-08FC Verbroedering Dender Eendracht HekelgemSint-Truidense VV1st Half Total GoalsUnder 0.5,Belgium - Jupiler Pro LeagueFC Verbroedering Dender Eendracht HekelgemSint-Truidense VV,,,1
A,2002-03-25,2002-08-25,Soccer,Belgium - Jupiler Pro League,FC Verbroedering Dender Eendracht Hekelgem,Sint-Truidense VV,1st Half Asian Total Goals,Under 0.5,,3.1,210,,,,,,,,,,,,,,,,,,belgium_-_jupiler_pro_league:54420C444183,SoccerBelgium - Jupiler Pro LeagueFC Verbroedering Dender Eendracht HekelgemSint-Truidense VV,2025-02-08FC Verbroedering Dender Eendracht HekelgemSint-Truidense VV1st Half Asian Total GoalsUnder 0.5,Belgium - Jupiler Pro LeagueFC Verbroedering Dender Eendracht HekelgemSint-Truidense VV,,,1
A,2002-03-25,2002-08-25,Soccer,Belgium - Jupiler Pro League,FC Verbroedering Dender Eendracht Hekelgem,Sint-Truidense VV,1st Half Total Goals,Under 1.5,,1.45,-222,,,,,,,,,,,,,,,,150,,belgium_-_jupiler_pro_league:54420C444183,SoccerBelgium - Jupiler Pro LeagueFC Verbroedering Dender Eendracht HekelgemSint-Truidense VV,2025-02-08FC Verbroedering Dender Eendracht HekelgemSint-Truidense VV1st Half Total GoalsUnder 1.5,Belgium - Jupiler Pro LeagueFC Verbroedering Dender Eendracht HekelgemSint-Truidense VV,,,1
A,2002-03-25,2002-08-25,Soccer,Belgium - Jupiler Pro League,FC Verbroedering Dender Eendracht Hekelgem,Sint-Truidense VV,1st Half Asian Total Goals,Under 1.5,,1.45,-222,,,,,,,,,,-225,,,,,,,,belgium_-_jupiler_pro_league:54420C444183,SoccerBelgium - Jupiler Pro LeagueFC Verbroedering Dender Eendracht HekelgemSint-Truidense VV,2025-02-08FC Verbroedering Dender Eendracht HekelgemSint-Truidense VV1st Half Asian Total GoalsUnder 1.5,Belgium - Jupiler Pro LeagueFC Verbroedering Dender Eendracht HekelgemSint-Truidense VV,,,1
A,2002-03-25,2002-08-25,Soccer,Belgium - Jupiler Pro League,FC Verbroedering Dender Eendracht Hekelgem,Sint-Truidense VV,1st Half Total Goals,Under 1,,2,100,,,,,,,,,,,,,,,,150,,belgium_-_jupiler_pro_league:54420C444183,SoccerBelgium - Jupiler Pro LeagueFC Verbroedering Dender Eendracht HekelgemSint-Truidense VV,2025-02-08FC Verbroedering Dender Eendracht HekelgemSint-Truidense VV1st Half Total GoalsUnder 1,Belgium - Jupiler Pro LeagueFC Verbroedering Dender Eendracht HekelgemSint-Truidense VV,,,1
A,2002-04-25,2002-09-25,Soccer,Croatia - 1. HNL,HNK Rijeka,NK Istra 1961,Total Goals,Under 0.5,,9.5,850,,,,,,,,,,,,,,,,,,croatia_-_1_hnl:98306A91947C,SoccerCroatia - 1. HNLHNK RijekaNK Istra 1961,2025-02-09HNK RijekaNK Istra 1961Total GoalsUnder 0.5,Croatia - 1. HNLHNK RijekaNK Istra 1961,,,0
A,2002-04-25,2002-09-25,Soccer,Croatia - 1. HNL,HNK Rijeka,NK Istra 1961,Total Goals,Under 2.5,1.85,1.77,-130,,-117,,,-120,-120,,,,-125,,,,,,100,,croatia_-_1_hnl:98306A91947C,SoccerCroatia - 1. HNLHNK RijekaNK Istra 1961,2025-02-09HNK RijekaNK Istra 1961Total GoalsUnder 2.5,Croatia - 1. HNLHNK RijekaNK Istra 1961,,,0
A,2002-04-25,2002-09-25,Soccer,Croatia - 1. HNL,HNK Rijeka,NK Istra 1961,Asian Total Goals,Under 2.5,1.85,1.77,-130,,,,,,,,,,,,,,,,,,croatia_-_1_hnl:98306A91947C,SoccerCroatia - 1. HNLHNK RijekaNK Istra 1961,2025-02-09HNK RijekaNK Istra 1961Asian Total GoalsUnder 2.5,Croatia - 1. HNLHNK RijekaNK Istra 1961,,,0
A,2002-04-25,2002-09-25,Soccer,Croatia - 1. HNL,HNK Rijeka,NK Istra 1961,Total Goals,Under 1.5,,3.2,220,,265,,,,230,,,,,,,,,,100,,croatia_-_1_hnl:98306A91947C,SoccerCroatia - 1. HNLHNK RijekaNK Istra 1961,2025-02-09HNK RijekaNK Istra 1961Total GoalsUnder 1.5,Croatia - 1. HNLHNK RijekaNK Istra 1961,,,0
A,2002-04-25,2002-09-25,Soccer,Croatia - 1. HNL,HNK Rijeka,NK Istra 1961,1st Half Total Goals,Under 1.5,,1.4,-250,,,,,,,,,,,,,,,,100,,croatia_-_1_hnl:98306A91947C,SoccerCroatia - 1. HNLHNK RijekaNK Istra 1961,2025-02-09HNK RijekaNK Istra 19611st Half Total GoalsUnder 1.5,Croatia - 1. HNLHNK RijekaNK Istra 1961,,,0
A,2002-04-25,2002-09-25,Soccer,Croatia - 1. HNL,HNK Rijeka,NK Istra 1961,1st Half Asian Total Goals,Under 1.25,,1.5,-200,,,,,,,,,,,,,,,,100,,croatia_-_1_hnl:98306A91947C,SoccerCroatia - 1. HNLHNK RijekaNK Istra 1961,2025-02-09HNK RijekaNK Istra 19611st Half Asian Total GoalsUnder 1.25,Croatia - 1. HNLHNK RijekaNK Istra 1961,,,0
A,2002-04-25,2002-09-25,Soccer,Croatia - 1. HNL,HNK Rijeka,NK Istra 1961,1st Half Total Goals,Under 1,,1.82,-122,,,,,,,,,,,,,,,,100,,croatia_-_1_hnl:98306A91947C,SoccerCroatia - 1. HNLHNK RijekaNK Istra 1961,2025-02-09HNK RijekaNK Istra 19611st Half Total GoalsUnder 1,Croatia - 1. HNLHNK RijekaNK Istra 1961,,,0
A,2002-04-25,2002-09-25,Soccer,Croatia - 1. HNL,HNK Rijeka,NK Istra 1961,1st Half Asian Total Goals,Under 0.75,,2.37,137,,,,,,,,,,,,,,,,100,,croatia_-_1_hnl:98306A91947C,SoccerCroatia - 1. HNLHNK RijekaNK Istra 1961,2025-02-09HNK RijekaNK Istra 19611st Half Asian Total GoalsUnder 0.75,Croatia - 1. HNLHNK RijekaNK Istra 1961,,,0
A,2002-04-25,2002-09-25,Soccer,Croatia - 1. HNL,HNK Rijeka,NK Istra 1961,1st Half Total Goals,Under 0.5,,2.85,185,,,,,,,,,,,,,,,,100,,croatia_-_1_hnl:98306A91947C,SoccerCroatia - 1. HNLHNK RijekaNK Istra 1961,2025-02-09HNK RijekaNK Istra 19611st Half Total GoalsUnder 0.5,Croatia - 1. HNLHNK RijekaNK Istra 1961,,,0
A,2002-04-25,2002-09-25,Soccer,Croatia - 1. HNL,HNK Rijeka,NK Istra 1961,Team Total,HNK Rijeka Under 1.5,,2,100,,,,,115,,,,,,,,,,,100,,croatia_-_1_hnl:98306A91947C,SoccerCroatia - 1. HNLHNK RijekaNK Istra 1961,2025-02-09HNK RijekaNK Istra 1961Team TotalHNK Rijeka Under 1.5,Croatia - 1. HNLHNK RijekaNK Istra 1961,,,0
A,2002-04-25,2002-09-25,Soccer,Croatia - 1. HNL,HNK Rijeka,NK Istra 1961,Team Total,HNK Rijeka Under 0.5,,5.5,450,,,,,,,,,,,,,,,,,,croatia_-_1_hnl:98306A91947C,SoccerCroatia - 1. HNLHNK RijekaNK Istra 1961,2025-02-09HNK RijekaNK Istra 1961Team TotalHNK Rijeka Under 0.5,Croatia - 1. HNLHNK RijekaNK Istra 1961,,,0
A,2002-04-25,2002-09-25,Soccer,Croatia - 1. HNL,HNK Rijeka,NK Istra 1961,1st Half Team Total,HNK Rijeka Under 0.5,,2.05,105,,,,,122,,,,,,,,,,,100,,croatia_-_1_hnl:98306A91947C,SoccerCroatia - 1. HNLHNK RijekaNK Istra 1961,2025-02-09HNK RijekaNK Istra 19611st Half Team TotalHNK Rijeka Under 0.5,Croatia - 1. HNLHNK RijekaNK Istra 1961,,,0
A,2002-04-25,2002-09-25,Soccer,Croatia - 1. HNL,HNK Rijeka,NK Istra 1961,Goal Spread,NK Istra 1961 +1.5,1.5,1.45,-222,,-200,,,,-200,,,,,,,,,,200,,croatia_-_1_hnl:98306A91947C,SoccerCroatia - 1. HNLHNK RijekaNK Istra 1961,2025-02-09HNK RijekaNK Istra 1961Goal SpreadNK Istra 1961 +1.5,Croatia - 1. HNLHNK RijekaNK Istra 1961,,,0
A,2002-04-25,2002-09-25,Soccer,Croatia - 1. HNL,HNK Rijeka,NK Istra 1961,Asian Handicap,NK Istra 1961 +1.5,1.5,1.45,-222,,,,,,,,,,,,,,,,,,croatia_-_1_hnl:98306A91947C,SoccerCroatia - 1. HNLHNK RijekaNK Istra 1961,2025-02-09HNK RijekaNK Istra 1961Asian HandicapNK Istra 1961 +1.5,Croatia - 1. HNLHNK RijekaNK Istra 1961,,,0
A,2002-04-25,2002-09-25,Soccer,Croatia - 1. HNL,HNK Rijeka,NK Istra 1961,Asian Handicap,NK Istra 1961 +1.25,,1.63,-159,,,,,,,,,,,,,,,,200,,croatia_-_1_hnl:98306A91947C,SoccerCroatia - 1. HNLHNK RijekaNK Istra 1961,2025-02-09HNK RijekaNK Istra 1961Asian HandicapNK Istra 1961 +1.25,Croatia - 1. HNLHNK RijekaNK Istra 1961,,,0
A,2002-04-25,2002-09-25,Soccer,Croatia - 1. HNL,HNK Rijeka,NK Istra 1961,Goal Spread,NK Istra 1961 +1,,1.85,-118,,-113,,,,,,,,,,,,,,200,,croatia_-_1_hnl:98306A91947C,SoccerCroatia - 1. HNLHNK RijekaNK Istra 1961,2025-02-09HNK RijekaNK Istra 1961Goal SpreadNK Istra 1961 +1,Croatia - 1. HNLHNK RijekaNK Istra 1961,,,0
A,2002-04-25,2002-09-25,Soccer,Croatia - 1. HNL,HNK Rijeka,NK Istra 1961,Asian Handicap,NK Istra 1961 +1,,1.85,-118,,,,,,,,,,,,,,,,,,croatia_-_1_hnl:98306A91947C,SoccerCroatia - 1. HNLHNK RijekaNK Istra 1961,2025-02-09HNK RijekaNK Istra 1961Asian HandicapNK Istra 1961 +1,Croatia - 1. HNLHNK RijekaNK Istra 1961,,,0
A,2002-04-25,2002-09-25,Soccer,Croatia - 1. HNL,HNK Rijeka,NK Istra 1961,Asian Handicap,NK Istra 1961 +0.75,,2.16,116,,,,,,,,,,,,,,,,200,,croatia_-_1_hnl:98306A91947C,SoccerCroatia - 1. HNLHNK RijekaNK Istra 1961,2025-02-09HNK RijekaNK Istra 1961Asian HandicapNK Istra 1961 +0.75,Croatia - 1. HNLHNK RijekaNK Istra 1961,,,0
A,2002-04-25,2002-09-25,Soccer,Croatia - 1. HNL,HNK Rijeka,NK Istra 1961,Double Chance,NK Istra 1961 Or Draw,2.45,2.45,145,,150,165,,145,150,,,,135,,,,,,,,croatia_-_1_hnl:98306A91947C,SoccerCroatia - 1. HNLHNK RijekaNK Istra 1961,2025-02-09HNK RijekaNK Istra 1961Double ChanceNK Istra 1961 Or Draw,Croatia - 1. HNLHNK RijekaNK Istra 1961,,,0
A,2002-04-25,2002-09-25,Soccer,Croatia - 1. HNL,HNK Rijeka,NK Istra 1961,Goal Spread,NK Istra 1961 +0.5,2.45,2.45,145,,,,,145,,,,,140,,,,,,200,,croatia_-_1_hnl:98306A91947C,SoccerCroatia - 1. HNLHNK RijekaNK Istra 1961,2025-02-09HNK RijekaNK Istra 1961Goal SpreadNK Istra 1961 +0.5,Croatia - 1. HNLHNK RijekaNK Istra 1961,,,0
A,2002-04-25,2002-09-25,Soccer,Croatia - 1. HNL,HNK Rijeka,NK Istra 1961,Asian Handicap,NK Istra 1961 +0.5,2.45,2.45,145,,,,,,,,,,145,,,,,,,,croatia_-_1_hnl:98306A91947C,SoccerCroatia - 1. HNLHNK RijekaNK Istra 1961,2025-02-09HNK RijekaNK Istra 1961Asian HandicapNK Istra 1961 +0.5,Croatia - 1. HNLHNK RijekaNK Istra 1961,,,0
A,2002-06-25,2002-07-25,Soccer,Egypt - Premier League,Smouha,Pyramids FC,Total Goals,Under 2.5,1.72,1.72,-139,,,,,,,,,,,,,,,,100,,egypt_-_premier_league:8CE5163B666C,SoccerEgypt - Premier LeagueSmouhaPyramids FC,2025-02-07SmouhaPyramids FCTotal GoalsUnder 2.5,Egypt - Premier LeagueSmouhaPyramids FC,,,1
A,2002-06-25,2002-07-25,Soccer,Egypt - Premier League,Smouha,Pyramids FC,Asian Total Goals,Under 2.5,1.72,1.72,-139,,,,,,,,,,,,,,,,,,egypt_-_premier_league:8CE5163B666C,SoccerEgypt - Premier LeagueSmouhaPyramids FC,2025-02-07SmouhaPyramids FCAsian Total GoalsUnder 2.5,Egypt - Premier LeagueSmouhaPyramids FC,,,1
A,2002-06-25,2002-07-25,Soccer,Egypt - Premier League,Smouha,Pyramids FC,Total Goals,Under 2.25,,,,,,,,,,,,,,,,,,,,,egypt_-_premier_league:8CE5163B666C,SoccerEgypt - Premier LeagueSmouhaPyramids FC,2025-02-07SmouhaPyramids FCTotal GoalsUnder 2.25,Egypt - Premier LeagueSmouhaPyramids FC,,,1
A,2002-06-25,2002-07-25,Soccer,Egypt - Premier League,Smouha,Pyramids FC,Asian Total Goals,Under 2.25,,,,,,,,,,,,,,,,,,,250,,egypt_-_premier_league:8CE5163B666C,SoccerEgypt - Premier LeagueSmouhaPyramids FC,2025-02-07SmouhaPyramids FCAsian Total GoalsUnder 2.25,Egypt - Premier LeagueSmouhaPyramids FC,,,1
A,2002-06-25,2002-07-25,Soccer,Egypt - Premier League,Smouha,Pyramids FC,Total Goals,Under 2.0,,,,,,,,,,,,,,,,,,,,,egypt_-_premier_league:8CE5163B666C,SoccerEgypt - Premier LeagueSmouhaPyramids FC,2025-02-07SmouhaPyramids FCTotal GoalsUnder 2.0,Egypt - Premier LeagueSmouhaPyramids FC,,,1
A,2002-06-25,2002-07-25,Soccer,Egypt - Premier League,Smouha,Pyramids FC,Asian Total Goals,Under 2.0,,,,,,,,,,,,,,,,,,,,,egypt_-_premier_league:8CE5163B666C,SoccerEgypt - Premier LeagueSmouhaPyramids FC,2025-02-07SmouhaPyramids FCAsian Total GoalsUnder 2.0,Egypt - Premier LeagueSmouhaPyramids FC,,,1
A,2002-06-25,2002-07-25,Soccer,Egypt - Premier League,Smouha,Pyramids FC,Total Goals,Under 1.5,,,,,,,,,,,,,,,,,,,250,,egypt_-_premier_league:8CE5163B666C,SoccerEgypt - Premier LeagueSmouhaPyramids FC,2025-02-07SmouhaPyramids FCTotal GoalsUnder 1.5,Egypt - Premier LeagueSmouhaPyramids FC,,,1
A,2002-06-25,2002-07-25,Soccer,Egypt - Premier League,Smouha,Pyramids FC,Asian Total Goals,Under 1.5,,,,,,,,,,,,,,,,,,,,,egypt_-_premier_league:8CE5163B666C,SoccerEgypt - Premier LeagueSmouhaPyramids FC,2025-02-07SmouhaPyramids FCAsian Total GoalsUnder 1.5,Egypt - Premier LeagueSmouhaPyramids FC,,,1
A,2002-06-25,2002-07-25,Soccer,Egypt - Premier League,Smouha,Pyramids FC,1st Half Total Goals,Under 0.5,,,,,,,,,,,,,,,,,,,150,,egypt_-_premier_league:8CE5163B666C,SoccerEgypt - Premier LeagueSmouhaPyramids FC,2025-02-07SmouhaPyramids FC1st Half Total GoalsUnder 0.5,Egypt - Premier LeagueSmouhaPyramids FC,,,1
A,2002-06-25,2002-07-25,Soccer,Egypt - Premier League,Smouha,Pyramids FC,1st Half Asian Total Goals,Under 0.5,,,,,,,,,,,,,,,,,,,,,egypt_-_premier_league:8CE5163B666C,SoccerEgypt - Premier LeagueSmouhaPyramids FC,2025-02-07SmouhaPyramids FC1st Half Asian Total GoalsUnder 0.5,Egypt - Premier LeagueSmouhaPyramids FC,,,1
A,2002-06-25,2002-07-25,Soccer,Egypt - Premier League,Smouha,Pyramids FC,1st Half Total Goals,Under 1.5,,,,,,,,,,,,,,,,,,,150,,egypt_-_premier_league:8CE5163B666C,SoccerEgypt - Premier LeagueSmouhaPyramids FC,2025-02-07SmouhaPyramids FC1st Half Total GoalsUnder 1.5,Egypt - Premier LeagueSmouhaPyramids FC,,,1
A,2002-06-25,2002-07-25,Soccer,Egypt - Premier League,Smouha,Pyramids FC,1st Half Asian Total Goals,Under 1.5,,,,,,,,,,,,,,,,,,,,,egypt_-_premier_league:8CE5163B666C,SoccerEgypt - Premier LeagueSmouhaPyramids FC,2025-02-07SmouhaPyramids FC1st Half Asian Total GoalsUnder 1.5,Egypt - Premier LeagueSmouhaPyramids FC,,,1
A,2002-06-25,2002-07-25,Soccer,Egypt - Premier League,Smouha,Pyramids FC,1st Half Total Goals,Under 0.75,,,,,,,,,,,,,,,,,,,,,egypt_-_premier_league:8CE5163B666C,SoccerEgypt - Premier LeagueSmouhaPyramids FC,2025-02-07SmouhaPyramids FC1st Half Total GoalsUnder 0.75,Egypt - Premier LeagueSmouhaPyramids FC,,,1
A,2002-06-25,2002-07-25,Soccer,Egypt - Premier League,Smouha,Pyramids FC,1st Half Asian Total Goals,Under 0.75,,,,,,,,,,,,,,,,,,,100,,egypt_-_premier_league:8CE5163B666C,SoccerEgypt - Premier LeagueSmouhaPyramids FC,2025-02-07SmouhaPyramids FC1st Half Asian Total GoalsUnder 0.75,Egypt - Premier LeagueSmouhaPyramids FC,,,1
Israel,2002-06-25,2002-07-25,Soccer,Germany - Bundesliga 3,SV Sandhausen,DSC Arminia Bielefeld,Total Goals,Over 2.5,,1.78,-128,,,,,,,,,,,,,,,,,,germany_-_bundesliga_3:73697BD987A5,SoccerGermany - Bundesliga 3SV SandhausenDSC Arminia Bielefeld,2025-02-07SV SandhausenDSC Arminia BielefeldTotal GoalsOver 2.5,Germany - Bundesliga 3SV SandhausenDSC Arminia Bielefeld,,,0
Israel,2002-06-25,2002-07-25,Soccer,Germany - Bundesliga 3,SV Sandhausen,DSC Arminia Bielefeld,Asian Total Goals,Over 2.5,,1.78,-128,,,,,,,,,,,,,,,,,,germany_-_bundesliga_3:73697BD987A5,SoccerGermany - Bundesliga 3SV SandhausenDSC Arminia Bielefeld,2025-02-07SV SandhausenDSC Arminia BielefeldAsian Total GoalsOver 2.5,Germany - Bundesliga 3SV SandhausenDSC Arminia Bielefeld,,,0
Israel,2002-06-25,2002-07-25,Soccer,Germany - Bundesliga 3,SV Sandhausen,DSC Arminia Bielefeld,Total Goals,Over 2.75,,,,,,,,,,,,,,,,,,,,,germany_-_bundesliga_3:73697BD987A5,SoccerGermany - Bundesliga 3SV SandhausenDSC Arminia Bielefeld,2025-02-07SV SandhausenDSC Arminia BielefeldTotal GoalsOver 2.75,Germany - Bundesliga 3SV SandhausenDSC Arminia Bielefeld,,,0
Israel,2002-06-25,2002-07-25,Soccer,Germany - Bundesliga 3,SV Sandhausen,DSC Arminia Bielefeld,Asian Total Goals,Over 2.75,,,,,,,,,,,,,,,,,,,,,germany_-_bundesliga_3:73697BD987A5,SoccerGermany - Bundesliga 3SV SandhausenDSC Arminia Bielefeld,2025-02-07SV SandhausenDSC Arminia BielefeldAsian Total GoalsOver 2.75,Germany - Bundesliga 3SV SandhausenDSC Arminia Bielefeld,,,0
Israel,2002-06-25,2002-07-25,Soccer,Germany - Bundesliga 3,SV Sandhausen,DSC Arminia Bielefeld,Total Goals,Over 3.5,,,,,,,,,,,,,,,,,,,,,germany_-_bundesliga_3:73697BD987A5,SoccerGermany - Bundesliga 3SV SandhausenDSC Arminia Bielefeld,2025-02-07SV SandhausenDSC Arminia BielefeldTotal GoalsOver 3.5,Germany - Bundesliga 3SV SandhausenDSC Arminia Bielefeld,,,0
Israel,2002-06-25,2002-07-25,Soccer,Germany - Bundesliga 3,SV Sandhausen,DSC Arminia Bielefeld,Asian Total Goals,Over 3.5,,,,,,,,,,,,,,,,,,,,,germany_-_bundesliga_3:73697BD987A5,SoccerGermany - Bundesliga 3SV SandhausenDSC Arminia Bielefeld,2025-02-07SV SandhausenDSC Arminia BielefeldAsian Total GoalsOver 3.5,Germany - Bundesliga 3SV SandhausenDSC Arminia Bielefeld,,,0
Israel,2002-06-25,2002-07-25,Soccer,Germany - Bundesliga 3,SV Sandhausen,DSC Arminia Bielefeld,1st Half Total Goals,Over 1.5,,,,,,,,,,,,,,,,,,,,,germany_-_bundesliga_3:73697BD987A5,SoccerGermany - Bundesliga 3SV SandhausenDSC Arminia Bielefeld,2025-02-07SV SandhausenDSC Arminia Bielefeld1st Half Total GoalsOver 1.5,Germany - Bundesliga 3SV SandhausenDSC Arminia Bielefeld,,,0
Israel,2002-06-25,2002-07-25,Soccer,Germany - Bundesliga 3,SV Sandhausen,DSC Arminia Bielefeld,1st Half Asian Total Goals,Over 1.5,,,,,,,,,,,,,,,,,,,,,germany_-_bundesliga_3:73697BD987A5,SoccerGermany - Bundesliga 3SV SandhausenDSC Arminia Bielefeld,2025-02-07SV SandhausenDSC Arminia Bielefeld1st Half Asian Total GoalsOver 1.5,Germany - Bundesliga 3SV SandhausenDSC Arminia Bielefeld,,,0
Israel,2002-06-25,2002-07-25,Soccer,Germany - Bundesliga 3,SV Sandhausen,DSC Arminia Bielefeld,1st Half Total Goals,Over 1,,,,,,,,,,,,,,,,,,,,,germany_-_bundesliga_3:73697BD987A5,SoccerGermany - Bundesliga 3SV SandhausenDSC Arminia Bielefeld,2025-02-07SV SandhausenDSC Arminia Bielefeld1st Half Total GoalsOver 1,Germany - Bundesliga 3SV SandhausenDSC Arminia Bielefeld,,,0
Israel,2002-06-25,2002-07-25,Soccer,Germany - Bundesliga 3,SV Sandhausen,DSC Arminia Bielefeld,1st Half Asian Total Goals,Over 1,,,,,,,,,,,,,,,,,,,,,germany_-_bundesliga_3:73697BD987A5,SoccerGermany - Bundesliga 3SV SandhausenDSC Arminia Bielefeld,2025-02-07SV SandhausenDSC Arminia Bielefeld1st Half Asian Total GoalsOver 1,Germany - Bundesliga 3SV SandhausenDSC Arminia Bielefeld,,,0
Israel,2002-06-25,2002-07-25,Soccer,Mexico - Liga MX,Club Puebla,Club de Fútbol América,Total Goals,Under 2.5,,1.94,-106,,,,,,,,,,,,,,,,,,mexico_-_liga_mx:92C2DB786987,SoccerMexico - Liga MXClub PueblaClub de Fútbol América,2025-02-07Club PueblaClub de Fútbol AméricaTotal GoalsUnder 2.5,Mexico - Liga MXClub PueblaClub de Fútbol América,,,1
Israel,2002-06-25,2002-07-25,Soccer,Mexico - Liga MX,Club Puebla,Club de Fútbol América,Asian Total Goals,Under 2.5,,1.94,-106,,,,,,,,,,,,,,,,,,mexico_-_liga_mx:92C2DB786987,SoccerMexico - Liga MXClub PueblaClub de Fútbol América,2025-02-07Club PueblaClub de Fútbol AméricaAsian Total GoalsUnder 2.5,Mexico - Liga MXClub PueblaClub de Fútbol América,,,1
Israel,2002-06-25,2002-07-25,Soccer,Mexico - Liga MX,Club Puebla,Club de Fútbol América,Total Goals,Under 1.5,,,,,,,,,,,,,,,,,,,,,mexico_-_liga_mx:92C2DB786987,SoccerMexico - Liga MXClub PueblaClub de Fútbol América,2025-02-07Club PueblaClub de Fútbol AméricaTotal GoalsUnder 1.5,Mexico - Liga MXClub PueblaClub de Fútbol América,,,1
Israel,2002-06-25,2002-07-25,Soccer,Mexico - Liga MX,Club Puebla,Club de Fútbol América,Asian Total Goals,Under 1.5,,,,,,,,,,,,,,,,,,,,,mexico_-_liga_mx:92C2DB786987,SoccerMexico - Liga MXClub PueblaClub de Fútbol América,2025-02-07Club PueblaClub de Fútbol AméricaAsian Total GoalsUnder 1.5,Mexico - Liga MXClub PueblaClub de Fútbol América,,,1
Israel,2002-06-25,2002-07-25,Soccer,Mexico - Liga MX,Club Puebla,Club de Fútbol América,Total Goals,Under 1.5,,,,,,,,,,,,,,,,,,,,,mexico_-_liga_mx:92C2DB786987,SoccerMexico - Liga MXClub PueblaClub de Fútbol América,2025-02-07Club PueblaClub de Fútbol AméricaTotal GoalsUnder 1.5,Mexico - Liga MXClub PueblaClub de Fútbol América,,,1
Israel,2002-06-25,2002-07-25,Soccer,Mexico - Liga MX,Club Puebla,Club de Fútbol América,Asian Total Goals,,,,,,,,,,,,,,,,,,,,,,mexico_-_liga_mx:92C2DB786987,SoccerMexico - Liga MXClub PueblaClub de Fútbol América,2025-02-07Club PueblaClub de Fútbol AméricaAsian Total Goals,Mexico - Liga MXClub PueblaClub de Fútbol América,,,1
Israel,2002-06-25,2002-07-25,Soccer,Mexico - Liga MX,Club Puebla,Club de Fútbol América,1st Half Total Goals,,,,,,,,,,,,,,,,,,,,,,mexico_-_liga_mx:92C2DB786987,SoccerMexico - Liga MXClub PueblaClub de Fútbol América,2025-02-07Club PueblaClub de Fútbol América1st Half Total Goals,Mexico - Liga MXClub PueblaClub de Fútbol América,,,1
Israel,2002-06-25,2002-07-25,Soccer,Mexico - Liga MX,Club Puebla,Club de Fútbol América,1st Half Asian Total Goals,,,,,,,,,,,,,,,,,,,,,,mexico_-_liga_mx:92C2DB786987,SoccerMexico - Liga MXClub PueblaClub de Fútbol América,2025-02-07Club PueblaClub de Fútbol América1st Half Asian Total Goals,Mexico - Liga MXClub PueblaClub de Fútbol América,,,1
Israel,2002-06-25,2002-07-25,Soccer,Mexico - Liga MX,Club Puebla,Club de Fútbol América,1st Half Total Goals,loading...,,,,,,,,,,,,,,,,,,,,,mexico_-_liga_mx:92C2DB786987,SoccerMexico - Liga MXClub PueblaClub de Fútbol América,2025-02-07Club PueblaClub de Fútbol América1st Half Total Goalsloading...,Mexico - Liga MXClub PueblaClub de Fútbol América,,,1
Israel,2002-06-25,2002-07-25,Soccer,Mexico - Liga MX,Club Puebla,Club de Fútbol América,1st Half Asian Total Goals,,,,,,,,,,,,,,,,,,,,,,mexico_-_liga_mx:92C2DB786987,SoccerMexico - Liga MXClub PueblaClub de Fútbol América,2025-02-07Club PueblaClub de Fútbol América1st Half Asian Total Goals,Mexico - Liga MXClub PueblaClub de Fútbol América,,,1
Israel,2002-06-25,2002-07-25,Soccer,Mexico - Liga MX,Club Puebla,Club de Fútbol América,1st Half Total Goals,loading...,,,,,,,,,,,,,,,,,,,,,mexico_-_liga_mx:92C2DB786987,SoccerMexico - Liga MXClub PueblaClub de Fútbol América,2025-02-07Club PueblaClub de Fútbol América1st Half Total Goalsloading...,Mexico - Liga MXClub PueblaClub de Fútbol América,,,1
Israel,2002-06-25,2002-07-25,Soccer,Mexico - Liga MX,Club Puebla,Club de Fútbol América,1st Half Asian Total Goals,,,,,,,,,,,,,,,,,,,,,,mexico_-_liga_mx:92C2DB786987,SoccerMexico - Liga MXClub PueblaClub de Fútbol América,2025-02-07Club PueblaClub de Fútbol América1st Half Asian Total Goals,Mexico - Liga MXClub PueblaClub de Fútbol América,,,1